writ_id,lab_session_id,transcript_file,mode,turn_idx,timestamp,model,input_tokens,cache_creation_input_tokens,cache_read_input_tokens,cache_creation_5m,cache_creation_1h,output_tokens,num_tool_use,num_text_blocks
w-mnynxz7n-d658562985a6,ses-mnyo4o89-75bedd57,ef25fdf3-26b4-4251-97be-a992d860e492.jsonl#1,ANALYST,1,2026-04-14T13:39:46.498Z,claude-opus-4-6,3,443,124954,0,443,109,0,0
w-mnynxz7n-d658562985a6,ses-mnyo4o89-75bedd57,ef25fdf3-26b4-4251-97be-a992d860e492.jsonl#1,ANALYST,2,2026-04-14T13:39:53.361Z,claude-opus-4-6,1,6150,125397,0,6150,354,0,0
w-mnynxz7n-d658562985a6,ses-mnyo4o89-75bedd57,ef25fdf3-26b4-4251-97be-a992d860e492.jsonl#1,ANALYST,3,2026-04-14T13:39:59.128Z,claude-opus-4-6,1,1908,131547,0,1908,154,1,0
w-mnynxz7n-d658562985a6,ses-mnyo4o89-75bedd57,ef25fdf3-26b4-4251-97be-a992d860e492.jsonl#1,ANALYST,4,2026-04-14T13:40:01.988Z,claude-opus-4-6,1,175,133455,0,175,129,1,0
w-mnynxz7n-d658562985a6,ses-mnyo4o89-75bedd57,ef25fdf3-26b4-4251-97be-a992d860e492.jsonl#1,ANALYST,5,2026-04-14T13:40:15.326Z,claude-opus-4-6,1,950,133630,0,950,153,0,1
w-mnynxz7n-d658562985a6,ses-mnyo4o89-75bedd57,ef25fdf3-26b4-4251-97be-a992d860e492.jsonl#1,ANALYST,6,2026-04-14T13:40:20.715Z,claude-opus-4-6,1,1250,134580,0,1250,158,1,0
w-mnynxz7n-d658562985a6,ses-mnyo4o89-75bedd57,ef25fdf3-26b4-4251-97be-a992d860e492.jsonl#1,ANALYST,7,2026-04-14T13:40:23.633Z,claude-opus-4-6,1,224,135830,0,224,129,1,0
w-mnynxz7n-d658562985a6,ses-mnyo4o89-75bedd57,ef25fdf3-26b4-4251-97be-a992d860e492.jsonl#1,ANALYST,8,2026-04-14T13:41:10.949Z,claude-opus-4-6,1,1390,135830,0,1390,2060,0,0
w-mnynxz7n-d658562985a6,ses-mnyo4o89-75bedd57,ef25fdf3-26b4-4251-97be-a992d860e492.jsonl#1,ANALYST,9,2026-04-14T13:41:14.665Z,claude-opus-4-6,1,2937,137220,0,2937,128,1,0
w-mnynxz7n-d658562985a6,ses-mnyo4o89-75bedd57,ef25fdf3-26b4-4251-97be-a992d860e492.jsonl#1,ANALYST,10,2026-04-14T13:41:17.084Z,claude-opus-4-6,1,883,140157,0,883,143,0,1
w-mnynxz7n-d658562985a6,ses-mnyo4o89-75bedd57,ef25fdf3-26b4-4251-97be-a992d860e492.jsonl#1,ANALYST,11,2026-04-14T13:41:21.413Z,claude-opus-4-6,1,738,141040,0,738,204,0,1
w-mnynxz7n-d658562985a6,ses-mnyo4o89-75bedd57,ef25fdf3-26b4-4251-97be-a992d860e492.jsonl#1,ANALYST,12,2026-04-14T13:41:26.807Z,claude-opus-4-6,1,592,141778,0,592,128,1,0
w-mnynxz7n-d658562985a6,ses-mnyo4o89-75bedd57,ef25fdf3-26b4-4251-97be-a992d860e492.jsonl#1,ANALYST,13,2026-04-14T13:41:41.418Z,claude-opus-4-6,1,1248,142370,0,1248,504,0,0
w-mnynxz7n-d658562985a6,ses-mnyo4o89-75bedd57,ef25fdf3-26b4-4251-97be-a992d860e492.jsonl#1,ANALYST,14,2026-04-14T13:41:44.795Z,claude-opus-4-6,3,1166,143618,0,1166,764,0,0
w-mnynxz7n-d658562985a6,ses-mnyo4o89-75bedd57,ef25fdf3-26b4-4251-97be-a992d860e492.jsonl#1,ANALYST,15,2026-04-14T13:42:04.394Z,claude-opus-4-6,3,7512,144784,0,7512,5231,0,1
w-mnynxz7n-d658562985a6,ses-mnyo4o89-75bedd57,ef25fdf3-26b4-4251-97be-a992d860e492.jsonl#1,ANALYST,16,2026-04-14T13:45:27.704Z,claude-opus-4-6,3,17519,15208,0,17519,120,0,0
w-mnynxz7n-d658562985a6,ses-mnyo4o89-75bedd57,ef25fdf3-26b4-4251-97be-a992d860e492.jsonl#1,ANALYST,17,2026-04-14T13:46:09.274Z,claude-opus-4-6,3,249,32727,0,249,1578,1,0
w-mnynxz7n-d658562985a6,ses-mnyo4o89-75bedd57,ef25fdf3-26b4-4251-97be-a992d860e492.jsonl#1,ANALYST,18,2026-04-14T13:46:16.248Z,claude-opus-4-6,1,2417,32976,0,2417,204,0,1
w-mnynxz7n-d658562985a6,ses-mnyny3dh-76d2bb5e,ef25fdf3-26b4-4251-97be-a992d860e492.jsonl#0,READER,1,2026-04-14T13:34:39.715Z,claude-opus-4-6,3,2011,15208,0,2011,115,0,0
w-mnynxz7n-d658562985a6,ses-mnyny3dh-76d2bb5e,ef25fdf3-26b4-4251-97be-a992d860e492.jsonl#0,READER,2,2026-04-14T13:34:42.723Z,claude-opus-4-6,3,229,17219,0,229,77,1,0
w-mnynxz7n-d658562985a6,ses-mnyny3dh-76d2bb5e,ef25fdf3-26b4-4251-97be-a992d860e492.jsonl#0,READER,3,2026-04-14T13:34:46.214Z,claude-opus-4-6,1,180,17448,0,180,135,0,0
w-mnynxz7n-d658562985a6,ses-mnyny3dh-76d2bb5e,ef25fdf3-26b4-4251-97be-a992d860e492.jsonl#0,READER,4,2026-04-14T13:34:49.237Z,claude-opus-4-6,3,242,17628,0,242,77,1,0
w-mnynxz7n-d658562985a6,ses-mnyny3dh-76d2bb5e,ef25fdf3-26b4-4251-97be-a992d860e492.jsonl#0,READER,5,2026-04-14T13:34:54.737Z,claude-opus-4-6,1,2281,17628,0,2281,295,0,0
w-mnynxz7n-d658562985a6,ses-mnyny3dh-76d2bb5e,ef25fdf3-26b4-4251-97be-a992d860e492.jsonl#0,READER,6,2026-04-14T13:34:57.472Z,claude-opus-4-6,1,1475,19909,0,1475,109,1,0
w-mnynxz7n-d658562985a6,ses-mnyny3dh-76d2bb5e,ef25fdf3-26b4-4251-97be-a992d860e492.jsonl#0,READER,7,2026-04-14T13:35:00.343Z,claude-opus-4-6,1,1709,19909,0,1709,107,1,0
w-mnynxz7n-d658562985a6,ses-mnyny3dh-76d2bb5e,ef25fdf3-26b4-4251-97be-a992d860e492.jsonl#0,READER,8,2026-04-14T13:35:03.159Z,claude-opus-4-6,1,390,21618,0,390,128,0,1
w-mnynxz7n-d658562985a6,ses-mnyny3dh-76d2bb5e,ef25fdf3-26b4-4251-97be-a992d860e492.jsonl#0,READER,9,2026-04-14T13:35:07.234Z,claude-opus-4-6,1,9085,22008,0,9085,110,0,1
w-mnynxz7n-d658562985a6,ses-mnyny3dh-76d2bb5e,ef25fdf3-26b4-4251-97be-a992d860e492.jsonl#0,READER,10,2026-04-14T13:35:13.572Z,claude-opus-4-6,1,5613,31093,0,5613,107,1,0
w-mnynxz7n-d658562985a6,ses-mnyny3dh-76d2bb5e,ef25fdf3-26b4-4251-97be-a992d860e492.jsonl#0,READER,11,2026-04-14T13:35:16.483Z,claude-opus-4-6,1,387,36706,0,387,99,1,0
w-mnynxz7n-d658562985a6,ses-mnyny3dh-76d2bb5e,ef25fdf3-26b4-4251-97be-a992d860e492.jsonl#0,READER,12,2026-04-14T13:35:20.659Z,claude-opus-4-6,1,2565,36706,0,2565,122,0,1
w-mnynxz7n-d658562985a6,ses-mnyny3dh-76d2bb5e,ef25fdf3-26b4-4251-97be-a992d860e492.jsonl#0,READER,13,2026-04-14T13:35:24.337Z,claude-opus-4-6,1,6001,39271,0,6001,126,0,1
w-mnynxz7n-d658562985a6,ses-mnyny3dh-76d2bb5e,ef25fdf3-26b4-4251-97be-a992d860e492.jsonl#0,READER,14,2026-04-14T13:35:28.417Z,claude-opus-4-6,1,821,45272,0,821,94,1,0
w-mnynxz7n-d658562985a6,ses-mnyny3dh-76d2bb5e,ef25fdf3-26b4-4251-97be-a992d860e492.jsonl#0,READER,15,2026-04-14T13:35:34.224Z,claude-opus-4-6,1,8307,45272,0,8307,113,0,1
w-mnynxz7n-d658562985a6,ses-mnyny3dh-76d2bb5e,ef25fdf3-26b4-4251-97be-a992d860e492.jsonl#0,READER,16,2026-04-14T13:35:38.589Z,claude-opus-4-6,1,982,53579,0,982,106,1,0
w-mnynxz7n-d658562985a6,ses-mnyny3dh-76d2bb5e,ef25fdf3-26b4-4251-97be-a992d860e492.jsonl#0,READER,17,2026-04-14T13:35:41.450Z,claude-opus-4-6,1,1142,53579,0,1142,96,1,0
w-mnynxz7n-d658562985a6,ses-mnyny3dh-76d2bb5e,ef25fdf3-26b4-4251-97be-a992d860e492.jsonl#0,READER,18,2026-04-14T13:35:44.064Z,claude-opus-4-6,1,2520,54721,0,2520,117,0,1
w-mnynxz7n-d658562985a6,ses-mnyny3dh-76d2bb5e,ef25fdf3-26b4-4251-97be-a992d860e492.jsonl#0,READER,19,2026-04-14T13:35:48.384Z,claude-opus-4-6,1,178,57241,0,178,167,1,0
w-mnynxz7n-d658562985a6,ses-mnyny3dh-76d2bb5e,ef25fdf3-26b4-4251-97be-a992d860e492.jsonl#0,READER,20,2026-04-14T13:35:51.255Z,claude-opus-4-6,1,696,57419,0,696,129,1,0
w-mnynxz7n-d658562985a6,ses-mnyny3dh-76d2bb5e,ef25fdf3-26b4-4251-97be-a992d860e492.jsonl#0,READER,21,2026-04-14T13:35:53.692Z,claude-opus-4-6,1,2657,57419,0,2657,114,0,1
w-mnynxz7n-d658562985a6,ses-mnyny3dh-76d2bb5e,ef25fdf3-26b4-4251-97be-a992d860e492.jsonl#0,READER,22,2026-04-14T13:35:56.831Z,claude-opus-4-6,1,2166,58115,0,2166,96,1,0
w-mnynxz7n-d658562985a6,ses-mnyny3dh-76d2bb5e,ef25fdf3-26b4-4251-97be-a992d860e492.jsonl#0,READER,23,2026-04-14T13:35:59.435Z,claude-opus-4-6,1,414,60281,0,414,98,1,0
w-mnynxz7n-d658562985a6,ses-mnyny3dh-76d2bb5e,ef25fdf3-26b4-4251-97be-a992d860e492.jsonl#0,READER,24,2026-04-14T13:36:04.113Z,claude-opus-4-6,1,5136,60695,0,5136,139,0,1
w-mnynxz7n-d658562985a6,ses-mnyny3dh-76d2bb5e,ef25fdf3-26b4-4251-97be-a992d860e492.jsonl#0,READER,25,2026-04-14T13:36:08.440Z,claude-opus-4-6,1,2064,65831,0,2064,94,1,0
w-mnynxz7n-d658562985a6,ses-mnyny3dh-76d2bb5e,ef25fdf3-26b4-4251-97be-a992d860e492.jsonl#0,READER,26,2026-04-14T13:36:12.271Z,claude-opus-4-6,1,2345,67895,0,2345,132,0,1
w-mnynxz7n-d658562985a6,ses-mnyny3dh-76d2bb5e,ef25fdf3-26b4-4251-97be-a992d860e492.jsonl#0,READER,27,2026-04-14T13:36:15.359Z,claude-opus-4-6,1,147,70240,0,147,106,1,0
w-mnynxz7n-d658562985a6,ses-mnyny3dh-76d2bb5e,ef25fdf3-26b4-4251-97be-a992d860e492.jsonl#0,READER,28,2026-04-14T13:36:18.221Z,claude-opus-4-6,1,121,70387,0,121,106,1,0
w-mnynxz7n-d658562985a6,ses-mnyny3dh-76d2bb5e,ef25fdf3-26b4-4251-97be-a992d860e492.jsonl#0,READER,29,2026-04-14T13:36:21.020Z,claude-opus-4-6,1,121,70508,0,121,105,1,0
w-mnynxz7n-d658562985a6,ses-mnyny3dh-76d2bb5e,ef25fdf3-26b4-4251-97be-a992d860e492.jsonl#0,READER,30,2026-04-14T13:36:23.984Z,claude-opus-4-6,1,380,70508,0,380,107,1,0
w-mnynxz7n-d658562985a6,ses-mnyny3dh-76d2bb5e,ef25fdf3-26b4-4251-97be-a992d860e492.jsonl#0,READER,31,2026-04-14T13:36:26.840Z,claude-opus-4-6,1,541,70629,0,541,95,1,0
w-mnynxz7n-d658562985a6,ses-mnyny3dh-76d2bb5e,ef25fdf3-26b4-4251-97be-a992d860e492.jsonl#0,READER,32,2026-04-14T13:36:29.878Z,claude-opus-4-6,1,4962,70888,0,4962,117,0,1
w-mnynxz7n-d658562985a6,ses-mnyny3dh-76d2bb5e,ef25fdf3-26b4-4251-97be-a992d860e492.jsonl#0,READER,33,2026-04-14T13:36:34.690Z,claude-opus-4-6,1,2314,75850,0,2314,129,0,1
w-mnynxz7n-d658562985a6,ses-mnyny3dh-76d2bb5e,ef25fdf3-26b4-4251-97be-a992d860e492.jsonl#0,READER,34,2026-04-14T13:36:38.542Z,claude-opus-4-6,1,3554,78164,0,3554,117,0,1
w-mnynxz7n-d658562985a6,ses-mnyny3dh-76d2bb5e,ef25fdf3-26b4-4251-97be-a992d860e492.jsonl#0,READER,35,2026-04-14T13:36:42.338Z,claude-opus-4-6,1,8711,81718,0,8711,116,0,1
w-mnynxz7n-d658562985a6,ses-mnyny3dh-76d2bb5e,ef25fdf3-26b4-4251-97be-a992d860e492.jsonl#0,READER,36,2026-04-14T13:36:47.057Z,claude-opus-4-6,1,2677,90429,0,2677,112,0,1
w-mnynxz7n-d658562985a6,ses-mnyny3dh-76d2bb5e,ef25fdf3-26b4-4251-97be-a992d860e492.jsonl#0,READER,37,2026-04-14T13:36:50.785Z,claude-opus-4-6,1,277,93106,0,277,132,1,0
w-mnynxz7n-d658562985a6,ses-mnyny3dh-76d2bb5e,ef25fdf3-26b4-4251-97be-a992d860e492.jsonl#0,READER,38,2026-04-14T13:36:53.639Z,claude-opus-4-6,1,1435,93106,0,1435,132,1,0
w-mnynxz7n-d658562985a6,ses-mnyny3dh-76d2bb5e,ef25fdf3-26b4-4251-97be-a992d860e492.jsonl#0,READER,39,2026-04-14T13:36:58.794Z,claude-opus-4-6,1,2334,93383,0,2334,125,0,1
w-mnynxz7n-d658562985a6,ses-mnyny3dh-76d2bb5e,ef25fdf3-26b4-4251-97be-a992d860e492.jsonl#0,READER,40,2026-04-14T13:37:01.865Z,claude-opus-4-6,1,179,95717,0,179,96,1,0
w-mnynxz7n-d658562985a6,ses-mnyny3dh-76d2bb5e,ef25fdf3-26b4-4251-97be-a992d860e492.jsonl#0,READER,41,2026-04-14T13:37:05.886Z,claude-opus-4-6,1,5469,95896,0,5469,111,0,1
w-mnynxz7n-d658562985a6,ses-mnyny3dh-76d2bb5e,ef25fdf3-26b4-4251-97be-a992d860e492.jsonl#0,READER,42,2026-04-14T13:37:10.529Z,claude-opus-4-6,1,4125,101365,0,4125,150,0,1
w-mnynxz7n-d658562985a6,ses-mnyny3dh-76d2bb5e,ef25fdf3-26b4-4251-97be-a992d860e492.jsonl#0,READER,43,2026-04-14T13:37:15.504Z,claude-opus-4-6,1,921,105490,0,921,135,0,1
w-mnynxz7n-d658562985a6,ses-mnyny3dh-76d2bb5e,ef25fdf3-26b4-4251-97be-a992d860e492.jsonl#0,READER,44,2026-04-14T13:37:18.723Z,claude-opus-4-6,1,3251,106411,0,3251,125,0,1
w-mnynxz7n-d658562985a6,ses-mnyny3dh-76d2bb5e,ef25fdf3-26b4-4251-97be-a992d860e492.jsonl#0,READER,45,2026-04-14T13:37:22.683Z,claude-opus-4-6,1,591,109662,0,591,143,1,0
w-mnynxz7n-d658562985a6,ses-mnyny3dh-76d2bb5e,ef25fdf3-26b4-4251-97be-a992d860e492.jsonl#0,READER,46,2026-04-14T13:37:26.253Z,claude-opus-4-6,1,698,110253,0,698,124,1,0
w-mnynxz7n-d658562985a6,ses-mnyny3dh-76d2bb5e,ef25fdf3-26b4-4251-97be-a992d860e492.jsonl#0,READER,47,2026-04-14T13:37:28.652Z,claude-opus-4-6,1,1140,110253,0,1140,178,0,1
w-mnynxz7n-d658562985a6,ses-mnyny3dh-76d2bb5e,ef25fdf3-26b4-4251-97be-a992d860e492.jsonl#0,READER,48,2026-04-14T13:37:33.235Z,claude-opus-4-6,1,1656,111393,0,1656,104,0,1
w-mnynxz7n-d658562985a6,ses-mnyny3dh-76d2bb5e,ef25fdf3-26b4-4251-97be-a992d860e492.jsonl#0,READER,49,2026-04-14T13:39:31.065Z,claude-opus-4-6,3,235,113049,0,235,5628,1,0
w-mnynxz7n-d658562985a6,ses-mnyny3dh-76d2bb5e,ef25fdf3-26b4-4251-97be-a992d860e492.jsonl#0,READER,50,2026-04-14T13:39:39.046Z,claude-opus-4-6,1,11670,113284,0,11670,281,0,1
w-mnynxpwd-17535f30f61a,ses-mnynxr8e-500ec54d,f18786d3-cb5e-4074-9321-26415c7a8d82.jsonl#0,READER,1,2026-04-14T13:34:22.834Z,claude-opus-4-6,3,1478,15208,0,1478,127,0,0
w-mnynxpwd-17535f30f61a,ses-mnynxr8e-500ec54d,f18786d3-cb5e-4074-9321-26415c7a8d82.jsonl#0,READER,2,2026-04-14T13:34:26.017Z,claude-opus-4-6,3,1823,15208,0,1823,77,1,0
w-mnynxpwd-17535f30f61a,ses-mnynxr8e-500ec54d,f18786d3-cb5e-4074-9321-26415c7a8d82.jsonl#0,READER,3,2026-04-14T13:34:29.442Z,claude-opus-4-6,1,525,16686,0,525,152,0,0
w-mnynxpwd-17535f30f61a,ses-mnynxr8e-500ec54d,f18786d3-cb5e-4074-9321-26415c7a8d82.jsonl#0,READER,4,2026-04-14T13:34:32.576Z,claude-opus-4-6,3,259,17211,0,259,77,1,0
w-mnynxpwd-17535f30f61a,ses-mnynxr8e-500ec54d,f18786d3-cb5e-4074-9321-26415c7a8d82.jsonl#0,READER,5,2026-04-14T13:34:38.351Z,claude-opus-4-6,1,2295,17211,0,2295,275,0,0
w-mnynxpwd-17535f30f61a,ses-mnynxr8e-500ec54d,f18786d3-cb5e-4074-9321-26415c7a8d82.jsonl#0,READER,6,2026-04-14T13:34:41.191Z,claude-opus-4-6,1,322,19506,0,322,86,1,0
w-mnynxpwd-17535f30f61a,ses-mnynxr8e-500ec54d,f18786d3-cb5e-4074-9321-26415c7a8d82.jsonl#0,READER,7,2026-04-14T13:34:44.366Z,claude-opus-4-6,1,101,19828,0,101,131,1,0
w-mnynxpwd-17535f30f61a,ses-mnynxr8e-500ec54d,f18786d3-cb5e-4074-9321-26415c7a8d82.jsonl#0,READER,8,2026-04-14T13:34:48.661Z,claude-opus-4-6,1,190,19929,0,190,255,0,1
w-mnynxpwd-17535f30f61a,ses-mnynxr8e-500ec54d,f18786d3-cb5e-4074-9321-26415c7a8d82.jsonl#0,READER,9,2026-04-14T13:36:40.986Z,claude-opus-4-6,3,2280,20119,0,2280,285,1,0
w-mnynxpwd-17535f30f61a,ses-mnynxr8e-500ec54d,f18786d3-cb5e-4074-9321-26415c7a8d82.jsonl#0,READER,10,2026-04-14T13:38:09.038Z,claude-opus-4-6,1,6191,22399,0,6191,297,1,0
w-mnynxpwd-17535f30f61a,ses-mnynxr8e-500ec54d,f18786d3-cb5e-4074-9321-26415c7a8d82.jsonl#0,READER,11,2026-04-14T13:39:16.809Z,claude-opus-4-6,1,4609,28590,0,4609,374,1,0
w-mnynxpwd-17535f30f61a,ses-mnynxr8e-500ec54d,f18786d3-cb5e-4074-9321-26415c7a8d82.jsonl#0,READER,12,2026-04-14T13:40:23.966Z,claude-opus-4-6,1,2498,33199,0,2498,316,1,0
w-mnynxpwd-17535f30f61a,ses-mnynxr8e-500ec54d,f18786d3-cb5e-4074-9321-26415c7a8d82.jsonl#0,READER,13,2026-04-14T13:40:59.155Z,claude-opus-4-6,1,2346,35697,0,2346,116,0,1
w-mnynxpwd-17535f30f61a,ses-mnynxr8e-500ec54d,f18786d3-cb5e-4074-9321-26415c7a8d82.jsonl#0,READER,14,2026-04-14T13:41:02.284Z,claude-opus-4-6,1,2540,38043,0,2540,95,1,0
w-mnynxpwd-17535f30f61a,ses-mnynxr8e-500ec54d,f18786d3-cb5e-4074-9321-26415c7a8d82.jsonl#0,READER,15,2026-04-14T13:41:08.677Z,claude-opus-4-6,1,2292,40583,0,2292,157,0,1
w-mnynxpwd-17535f30f61a,ses-mnynxr8e-500ec54d,f18786d3-cb5e-4074-9321-26415c7a8d82.jsonl#0,READER,16,2026-04-14T13:41:12.448Z,claude-opus-4-6,1,2451,42875,0,2451,99,1,0
w-mnynxpwd-17535f30f61a,ses-mnynxr8e-500ec54d,f18786d3-cb5e-4074-9321-26415c7a8d82.jsonl#0,READER,17,2026-04-14T13:41:16.044Z,claude-opus-4-6,1,5137,45326,0,5137,167,0,1
w-mnynxpwd-17535f30f61a,ses-mnynxr8e-500ec54d,f18786d3-cb5e-4074-9321-26415c7a8d82.jsonl#0,READER,18,2026-04-14T13:41:23.146Z,claude-opus-4-6,1,1838,50463,0,1838,133,1,0
w-mnynxpwd-17535f30f61a,ses-mnynxr8e-500ec54d,f18786d3-cb5e-4074-9321-26415c7a8d82.jsonl#0,READER,19,2026-04-14T13:41:26.558Z,claude-opus-4-6,1,2931,52301,0,2931,113,0,1
w-mnynxpwd-17535f30f61a,ses-mnynxr8e-500ec54d,f18786d3-cb5e-4074-9321-26415c7a8d82.jsonl#0,READER,20,2026-04-14T13:41:33.771Z,claude-opus-4-6,1,2192,55232,0,2192,100,1,0
w-mnynxpwd-17535f30f61a,ses-mnynxr8e-500ec54d,f18786d3-cb5e-4074-9321-26415c7a8d82.jsonl#0,READER,21,2026-04-14T13:41:36.680Z,claude-opus-4-6,1,2025,57424,0,2025,149,0,1
w-mnynxpwd-17535f30f61a,ses-mnynxr8e-500ec54d,f18786d3-cb5e-4074-9321-26415c7a8d82.jsonl#0,READER,22,2026-04-14T13:41:42.562Z,claude-opus-4-6,1,1517,59449,0,1517,123,0,1
w-mnynxpwd-17535f30f61a,ses-mnynxr8e-500ec54d,f18786d3-cb5e-4074-9321-26415c7a8d82.jsonl#0,READER,23,2026-04-14T13:41:47.909Z,claude-opus-4-6,1,340,60966,0,340,109,1,0
w-mnynxpwd-17535f30f61a,ses-mnynxr8e-500ec54d,f18786d3-cb5e-4074-9321-26415c7a8d82.jsonl#0,READER,24,2026-04-14T13:41:50.778Z,claude-opus-4-6,1,239,61306,0,239,110,1,0
w-mnynxpwd-17535f30f61a,ses-mnynxr8e-500ec54d,f18786d3-cb5e-4074-9321-26415c7a8d82.jsonl#0,READER,25,2026-04-14T13:41:53.411Z,claude-opus-4-6,1,376,61306,0,376,99,1,0
w-mnynxpwd-17535f30f61a,ses-mnynxr8e-500ec54d,f18786d3-cb5e-4074-9321-26415c7a8d82.jsonl#0,READER,26,2026-04-14T13:41:56.345Z,claude-opus-4-6,1,160,61682,0,160,133,1,0
w-mnynxpwd-17535f30f61a,ses-mnynxr8e-500ec54d,f18786d3-cb5e-4074-9321-26415c7a8d82.jsonl#0,READER,27,2026-04-14T13:42:01.082Z,claude-opus-4-6,1,1159,61842,0,1159,131,1,0
w-mnynxpwd-17535f30f61a,ses-mnynxr8e-500ec54d,f18786d3-cb5e-4074-9321-26415c7a8d82.jsonl#0,READER,28,2026-04-14T13:42:05.931Z,claude-opus-4-6,1,1226,63001,0,1226,150,0,1
w-mnynxpwd-17535f30f61a,ses-mnynxr8e-500ec54d,f18786d3-cb5e-4074-9321-26415c7a8d82.jsonl#0,READER,29,2026-04-14T13:42:12.851Z,claude-opus-4-6,1,1106,64227,0,1106,130,1,0
w-mnynxpwd-17535f30f61a,ses-mnynxr8e-500ec54d,f18786d3-cb5e-4074-9321-26415c7a8d82.jsonl#0,READER,30,2026-04-14T13:42:17.432Z,claude-opus-4-6,1,804,65333,0,804,157,0,1
w-mnynxpwd-17535f30f61a,ses-mnynxr8e-500ec54d,f18786d3-cb5e-4074-9321-26415c7a8d82.jsonl#0,READER,31,2026-04-14T13:42:21.556Z,claude-opus-4-6,1,275,66137,0,275,122,1,0
w-mnynxpwd-17535f30f61a,ses-mnynxr8e-500ec54d,f18786d3-cb5e-4074-9321-26415c7a8d82.jsonl#0,READER,32,2026-04-14T13:42:24.692Z,claude-opus-4-6,1,412,66137,0,412,149,1,0
w-mnynxpwd-17535f30f61a,ses-mnynxr8e-500ec54d,f18786d3-cb5e-4074-9321-26415c7a8d82.jsonl#0,READER,33,2026-04-14T13:42:27.584Z,claude-opus-4-6,1,596,66549,0,596,130,1,0
w-mnynxpwd-17535f30f61a,ses-mnynxr8e-500ec54d,f18786d3-cb5e-4074-9321-26415c7a8d82.jsonl#0,READER,34,2026-04-14T13:42:30.506Z,claude-opus-4-6,1,689,67145,0,689,156,0,1
w-mnynxpwd-17535f30f61a,ses-mnynxr8e-500ec54d,f18786d3-cb5e-4074-9321-26415c7a8d82.jsonl#0,READER,35,2026-04-14T13:42:34.275Z,claude-opus-4-6,1,1441,67834,0,1441,129,1,0
w-mnynxpwd-17535f30f61a,ses-mnynxr8e-500ec54d,f18786d3-cb5e-4074-9321-26415c7a8d82.jsonl#0,READER,36,2026-04-14T13:42:38.083Z,claude-opus-4-6,1,1439,69275,0,1439,176,0,1
w-mnynxpwd-17535f30f61a,ses-mnynxr8e-500ec54d,f18786d3-cb5e-4074-9321-26415c7a8d82.jsonl#0,READER,37,2026-04-14T13:42:44.052Z,claude-opus-4-6,1,270,70714,0,270,129,1,0
w-mnynxpwd-17535f30f61a,ses-mnynxr8e-500ec54d,f18786d3-cb5e-4074-9321-26415c7a8d82.jsonl#0,READER,38,2026-04-14T13:42:47.749Z,claude-opus-4-6,1,773,70984,0,773,180,0,1
w-mnynxpwd-17535f30f61a,ses-mnynxr8e-500ec54d,f18786d3-cb5e-4074-9321-26415c7a8d82.jsonl#0,READER,39,2026-04-14T13:42:51.035Z,claude-opus-4-6,1,757,71757,0,757,98,1,0
w-mnynxpwd-17535f30f61a,ses-mnynxr8e-500ec54d,f18786d3-cb5e-4074-9321-26415c7a8d82.jsonl#0,READER,40,2026-04-14T13:42:54.368Z,claude-opus-4-6,1,6358,71757,0,6358,170,0,1
w-mnynxpwd-17535f30f61a,ses-mnynxr8e-500ec54d,f18786d3-cb5e-4074-9321-26415c7a8d82.jsonl#0,READER,41,2026-04-14T13:43:00.130Z,claude-opus-4-6,1,222,78115,0,222,129,1,0
w-mnynxpwd-17535f30f61a,ses-mnynxr8e-500ec54d,f18786d3-cb5e-4074-9321-26415c7a8d82.jsonl#0,READER,42,2026-04-14T13:43:03.099Z,claude-opus-4-6,1,980,78115,0,980,121,0,1
w-mnynxpwd-17535f30f61a,ses-mnynxr8e-500ec54d,f18786d3-cb5e-4074-9321-26415c7a8d82.jsonl#0,READER,43,2026-04-14T13:43:07.235Z,claude-opus-4-6,1,4601,79095,0,4601,123,0,1
w-mnynxpwd-17535f30f61a,ses-mnynxr8e-500ec54d,f18786d3-cb5e-4074-9321-26415c7a8d82.jsonl#0,READER,44,2026-04-14T13:43:12.194Z,claude-opus-4-6,1,4503,83696,0,4503,4646,0,1
w-mnynxpwd-17535f30f61a,ses-mnynxr8e-500ec54d,f18786d3-cb5e-4074-9321-26415c7a8d82.jsonl#0,READER,45,2026-04-14T13:44:57.428Z,claude-opus-4-6,1,4785,88199,0,4785,4676,0,1
w-mnynxpwd-17535f30f61a,ses-mnynxr8e-500ec54d,f18786d3-cb5e-4074-9321-26415c7a8d82.jsonl#0,READER,46,2026-04-14T13:45:49.109Z,claude-opus-4-6,1,4712,92984,0,4712,3752,0,0
w-mnynxpwd-17535f30f61a,ses-mnynxr8e-500ec54d,f18786d3-cb5e-4074-9321-26415c7a8d82.jsonl#0,READER,47,2026-04-14T13:46:31.402Z,claude-opus-4-6,1,3788,97696,0,3788,107,0,1
w-mnynxpwd-17535f30f61a,ses-mnynxr8e-500ec54d,f18786d3-cb5e-4074-9321-26415c7a8d82.jsonl#0,READER,48,2026-04-14T13:47:07.560Z,claude-opus-4-6,3,238,101484,0,238,3611,1,0
w-mnynxpwd-17535f30f61a,ses-mnynxr8e-500ec54d,f18786d3-cb5e-4074-9321-26415c7a8d82.jsonl#0,READER,49,2026-04-14T13:47:10.720Z,claude-opus-4-6,1,3649,101722,0,3649,109,0,1
w-mnynxpwd-17535f30f61a,ses-mnynxr8e-500ec54d,f18786d3-cb5e-4074-9321-26415c7a8d82.jsonl#0,READER,50,2026-04-14T13:47:33.680Z,claude-opus-4-6,1,122,105371,0,122,1700,1,0
w-mnynxpwd-17535f30f61a,ses-mnynxr8e-500ec54d,f18786d3-cb5e-4074-9321-26415c7a8d82.jsonl#0,READER,51,2026-04-14T13:47:38.260Z,claude-opus-4-6,1,1839,105493,0,1839,189,0,0
w-mnynxpwd-17535f30f61a,ses-mnynxr8e-500ec54d,f18786d3-cb5e-4074-9321-26415c7a8d82.jsonl#0,READER,52,2026-04-14T13:47:42.619Z,claude-opus-4-6,1,225,107332,0,225,150,0,1
w-mnynxpwd-17535f30f61a,ses-mnynxr8e-500ec54d,f18786d3-cb5e-4074-9321-26415c7a8d82.jsonl#0,READER,53,2026-04-14T13:47:45.607Z,claude-opus-4-6,3,367,107557,0,367,77,1,0
w-mnynxpwd-17535f30f61a,ses-mnynxr8e-500ec54d,f18786d3-cb5e-4074-9321-26415c7a8d82.jsonl#0,READER,54,2026-04-14T13:47:49.050Z,claude-opus-4-6,1,115,107924,0,115,60,1,0
w-mnynxpwd-17535f30f61a,ses-mnynxr8e-500ec54d,f18786d3-cb5e-4074-9321-26415c7a8d82.jsonl#0,READER,55,2026-04-14T13:48:05.438Z,claude-opus-4-6,1,168,108039,0,168,1716,1,0
w-mnynxpwd-17535f30f61a,ses-mnynxr8e-500ec54d,f18786d3-cb5e-4074-9321-26415c7a8d82.jsonl#0,READER,56,2026-04-14T13:48:16.343Z,claude-opus-4-6,1,1752,108207,0,1752,545,0,1
w-mnynxpwd-17535f30f61a,ses-mnyp1r74-494756df,39e31c2b-bb58-42a2-8fd7-0f7ee3069c19.jsonl#0,ANALYST,1,2026-04-14T14:05:29.997Z,claude-opus-4-6,3,1477,15208,0,1477,151,0,0
w-mnynxpwd-17535f30f61a,ses-mnyp1r74-494756df,39e31c2b-bb58-42a2-8fd7-0f7ee3069c19.jsonl#0,ANALYST,2,2026-04-14T14:05:33.128Z,claude-opus-4-6,3,900,16685,0,900,77,1,0
w-mnynxpwd-17535f30f61a,ses-mnyp1r74-494756df,39e31c2b-bb58-42a2-8fd7-0f7ee3069c19.jsonl#0,ANALYST,3,2026-04-14T14:05:41.489Z,claude-opus-4-6,1,5970,16685,0,5970,554,0,0
w-mnynxpwd-17535f30f61a,ses-mnyp1r74-494756df,39e31c2b-bb58-42a2-8fd7-0f7ee3069c19.jsonl#0,ANALYST,4,2026-04-14T14:05:47.802Z,claude-opus-4-6,1,3588,22655,0,3588,242,1,0
w-mnynxpwd-17535f30f61a,ses-mnyp1r74-494756df,39e31c2b-bb58-42a2-8fd7-0f7ee3069c19.jsonl#0,ANALYST,5,2026-04-14T14:05:51.853Z,claude-opus-4-6,1,2411,26243,0,2411,246,1,0
w-mnynxpwd-17535f30f61a,ses-mnyp1r74-494756df,39e31c2b-bb58-42a2-8fd7-0f7ee3069c19.jsonl#0,ANALYST,6,2026-04-14T14:05:55.356Z,claude-opus-4-6,1,2407,28654,0,2407,131,0,0
w-mnynxpwd-17535f30f61a,ses-mnyp1r74-494756df,39e31c2b-bb58-42a2-8fd7-0f7ee3069c19.jsonl#0,ANALYST,7,2026-04-14T14:05:59.029Z,claude-opus-4-6,3,238,31061,0,238,77,1,0
w-mnynxpwd-17535f30f61a,ses-mnyp1r74-494756df,39e31c2b-bb58-42a2-8fd7-0f7ee3069c19.jsonl#0,ANALYST,8,2026-04-14T14:06:04.185Z,claude-opus-4-6,1,2095,31299,0,2095,449,0,0
w-mnynxpwd-17535f30f61a,ses-mnyp1r74-494756df,39e31c2b-bb58-42a2-8fd7-0f7ee3069c19.jsonl#0,ANALYST,9,2026-04-14T14:06:14.267Z,claude-opus-4-6,1,567,33394,0,567,739,0,1
w-mnynxpwd-17535f30f61a,ses-mnyp1r74-494756df,39e31c2b-bb58-42a2-8fd7-0f7ee3069c19.jsonl#0,ANALYST,10,2026-04-14T14:06:29.101Z,claude-opus-4-6,1,6271,33961,0,6271,4476,0,1
w-mnynxpwd-17535f30f61a,ses-mnyp1r74-494756df,39e31c2b-bb58-42a2-8fd7-0f7ee3069c19.jsonl#0,ANALYST,11,2026-04-14T14:08:03.075Z,claude-opus-4-6,3,15365,40232,0,15365,975,0,1
w-mnynxpwd-17535f30f61a,ses-mnyp1r74-494756df,39e31c2b-bb58-42a2-8fd7-0f7ee3069c19.jsonl#0,ANALYST,12,2026-04-14T14:08:42.033Z,claude-opus-4-6,1,12606,55597,0,12606,366,0,1
w-mnynycgm-2200291d4972,ses-mnynyg35-649d4f10,e77f3f31-a26c-4174-af5c-f25b162e4566.jsonl#0,READER-ANALYST,1,2026-04-14T13:34:55.669Z,claude-opus-4-6,3,1902,15208,0,1902,180,0,0
w-mnynycgm-2200291d4972,ses-mnynyg35-649d4f10,e77f3f31-a26c-4174-af5c-f25b162e4566.jsonl#0,READER-ANALYST,2,2026-04-14T13:35:05.409Z,claude-opus-4-6,3,1113,17110,0,1113,76,1,0
w-mnynycgm-2200291d4972,ses-mnynyg35-649d4f10,e77f3f31-a26c-4174-af5c-f25b162e4566.jsonl#0,READER-ANALYST,3,2026-04-14T13:35:10.470Z,claude-opus-4-6,1,178,18223,0,178,110,0,0
w-mnynycgm-2200291d4972,ses-mnynyg35-649d4f10,e77f3f31-a26c-4174-af5c-f25b162e4566.jsonl#0,READER-ANALYST,4,2026-04-14T13:35:16.174Z,claude-opus-4-6,1,2071,18401,0,2071,283,0,0
w-mnynycgm-2200291d4972,ses-mnynyg35-649d4f10,e77f3f31-a26c-4174-af5c-f25b162e4566.jsonl#0,READER-ANALYST,5,2026-04-14T13:35:20.958Z,claude-opus-4-6,1,3974,20472,0,3974,187,1,0
w-mnynycgm-2200291d4972,ses-mnynyg35-649d4f10,e77f3f31-a26c-4174-af5c-f25b162e4566.jsonl#0,READER-ANALYST,6,2026-04-14T13:35:27.080Z,claude-opus-4-6,1,6107,24446,0,6107,534,0,0
w-mnynycgm-2200291d4972,ses-mnynyg35-649d4f10,e77f3f31-a26c-4174-af5c-f25b162e4566.jsonl#0,READER-ANALYST,7,2026-04-14T13:35:34.918Z,claude-opus-4-6,1,19761,30553,0,19761,312,0,0
w-mnynycgm-2200291d4972,ses-mnynyg35-649d4f10,e77f3f31-a26c-4174-af5c-f25b162e4566.jsonl#0,READER-ANALYST,8,2026-04-14T13:35:44.722Z,claude-opus-4-6,109,2818,50314,0,2818,273,1,0
w-mnynycgm-2200291d4972,ses-mnynyg35-649d4f10,e77f3f31-a26c-4174-af5c-f25b162e4566.jsonl#0,READER-ANALYST,9,2026-04-14T13:35:49.867Z,claude-opus-4-6,1,2019,53132,0,2019,251,0,1
w-mnynycgm-2200291d4972,ses-mnynyg35-649d4f10,e77f3f31-a26c-4174-af5c-f25b162e4566.jsonl#0,READER-ANALYST,10,2026-04-14T13:36:07.102Z,claude-opus-4-6,1,5756,55151,0,5756,472,0,0
w-mnynycgm-2200291d4972,ses-mnynyg35-649d4f10,e77f3f31-a26c-4174-af5c-f25b162e4566.jsonl#0,READER-ANALYST,11,2026-04-14T13:36:16.066Z,claude-opus-4-6,1,10356,60907,0,10356,289,0,1
w-mnynycgm-2200291d4972,ses-mnynyg35-649d4f10,e77f3f31-a26c-4174-af5c-f25b162e4566.jsonl#0,READER-ANALYST,12,2026-04-14T13:36:22.830Z,claude-opus-4-6,1,8090,71263,0,8090,326,0,1
w-mnynycgm-2200291d4972,ses-mnynyg35-649d4f10,e77f3f31-a26c-4174-af5c-f25b162e4566.jsonl#0,READER-ANALYST,13,2026-04-14T13:36:32.390Z,claude-opus-4-6,1,3070,79353,0,3070,242,1,0
w-mnynycgm-2200291d4972,ses-mnynyg35-649d4f10,e77f3f31-a26c-4174-af5c-f25b162e4566.jsonl#0,READER-ANALYST,14,2026-04-14T13:36:37.731Z,claude-opus-4-6,1,2206,82423,0,2206,243,1,0
w-mnynycgm-2200291d4972,ses-mnynyg35-649d4f10,e77f3f31-a26c-4174-af5c-f25b162e4566.jsonl#0,READER-ANALYST,15,2026-04-14T13:36:42.493Z,claude-opus-4-6,1,3016,84629,0,3016,250,0,1
w-mnynycgm-2200291d4972,ses-mnynyg35-649d4f10,e77f3f31-a26c-4174-af5c-f25b162e4566.jsonl#0,READER-ANALYST,16,2026-04-14T13:36:51.959Z,claude-opus-4-6,1,6344,87645,0,6344,308,0,0
w-mnynycgm-2200291d4972,ses-mnynyg35-649d4f10,e77f3f31-a26c-4174-af5c-f25b162e4566.jsonl#0,READER-ANALYST,17,2026-04-14T13:36:58.664Z,claude-opus-4-6,1,2938,93989,0,2938,269,0,1
w-mnynycgm-2200291d4972,ses-mnynyg35-649d4f10,e77f3f31-a26c-4174-af5c-f25b162e4566.jsonl#0,READER-ANALYST,18,2026-04-14T13:37:05.342Z,claude-opus-4-6,1,1760,96927,0,1760,296,0,1
w-mnynycgm-2200291d4972,ses-mnynyg35-649d4f10,e77f3f31-a26c-4174-af5c-f25b162e4566.jsonl#0,READER-ANALYST,19,2026-04-14T13:37:12.070Z,claude-opus-4-6,1,1624,98687,0,1624,159,0,1
w-mnynycgm-2200291d4972,ses-mnynyg35-649d4f10,e77f3f31-a26c-4174-af5c-f25b162e4566.jsonl#0,READER-ANALYST,20,2026-04-14T13:37:21.483Z,claude-opus-4-6,1,1365,100311,0,1365,274,0,1
w-mnynycgm-2200291d4972,ses-mnynyg35-649d4f10,e77f3f31-a26c-4174-af5c-f25b162e4566.jsonl#0,READER-ANALYST,21,2026-04-14T13:37:28.204Z,claude-opus-4-6,1,928,101676,0,928,127,1,0
w-mnynycgm-2200291d4972,ses-mnynyg35-649d4f10,e77f3f31-a26c-4174-af5c-f25b162e4566.jsonl#0,READER-ANALYST,22,2026-04-14T13:37:31.993Z,claude-opus-4-6,1,1158,102604,0,1158,3207,0,1
w-mnynycgm-2200291d4972,ses-mnynyg35-649d4f10,e77f3f31-a26c-4174-af5c-f25b162e4566.jsonl#0,READER-ANALYST,23,2026-04-14T13:38:50.179Z,claude-opus-4-6,3,6732,103762,0,6732,174,0,1
w-mnynycgm-2200291d4972,ses-mnynyg35-649d4f10,e77f3f31-a26c-4174-af5c-f25b162e4566.jsonl#0,READER-ANALYST,24,2026-04-14T13:38:55.114Z,claude-opus-4-6,1,192,110494,0,192,128,1,0
w-mnynycgm-2200291d4972,ses-mnynyg35-649d4f10,e77f3f31-a26c-4174-af5c-f25b162e4566.jsonl#0,READER-ANALYST,25,2026-04-14T13:39:20.364Z,claude-opus-4-6,1,535,110686,0,535,1581,0,0
w-mnynycgm-2200291d4972,ses-mnynyg35-649d4f10,e77f3f31-a26c-4174-af5c-f25b162e4566.jsonl#0,READER-ANALYST,26,2026-04-14T13:39:39.388Z,claude-opus-4-6,1,5733,111221,0,5733,7424,0,1
w-mnynycgm-2200291d4972,ses-mnynyg35-649d4f10,e77f3f31-a26c-4174-af5c-f25b162e4566.jsonl#0,READER-ANALYST,27,2026-04-14T13:42:20.903Z,claude-opus-4-6,1,18191,116954,0,18191,1086,0,1
w-mnynycgm-2200291d4972,ses-mnynyg35-649d4f10,e77f3f31-a26c-4174-af5c-f25b162e4566.jsonl#0,READER-ANALYST,28,2026-04-14T13:43:08.565Z,claude-opus-4-6,1,13651,135145,0,13651,589,0,1
w-mnynyjub-a5398e15e8ea,ses-mnyo7dch-14130aa7,e3b0187a-8017-49be-96c8-ebb626062d74.jsonl#0,READER-ANALYST,1,2026-04-14T13:41:51.972Z,claude-opus-4-6,3,1902,15208,0,1902,180,0,0
w-mnynyjub-a5398e15e8ea,ses-mnyo7dch-14130aa7,e3b0187a-8017-49be-96c8-ebb626062d74.jsonl#0,READER-ANALYST,2,2026-04-14T13:41:56.484Z,claude-opus-4-6,3,3015,15208,0,3015,77,1,0
w-mnynyjub-a5398e15e8ea,ses-mnyo7dch-14130aa7,e3b0187a-8017-49be-96c8-ebb626062d74.jsonl#0,READER-ANALYST,3,2026-04-14T13:41:59.318Z,claude-opus-4-6,1,1293,17110,0,1293,113,0,0
w-mnynyjub-a5398e15e8ea,ses-mnyo7dch-14130aa7,e3b0187a-8017-49be-96c8-ebb626062d74.jsonl#0,READER-ANALYST,4,2026-04-14T13:42:02.580Z,claude-opus-4-6,1,2846,18403,0,2846,140,0,0
w-mnynyjub-a5398e15e8ea,ses-mnyo7dch-14130aa7,e3b0187a-8017-49be-96c8-ebb626062d74.jsonl#0,READER-ANALYST,5,2026-04-14T13:42:07.137Z,claude-opus-4-6,1,188,21249,0,188,219,1,0
w-mnynyjub-a5398e15e8ea,ses-mnyo7dch-14130aa7,e3b0187a-8017-49be-96c8-ebb626062d74.jsonl#0,READER-ANALYST,6,2026-04-14T13:42:11.150Z,claude-opus-4-6,1,351,21437,0,351,175,1,0
w-mnynyjub-a5398e15e8ea,ses-mnyo7dch-14130aa7,e3b0187a-8017-49be-96c8-ebb626062d74.jsonl#0,READER-ANALYST,7,2026-04-14T13:42:15.240Z,claude-opus-4-6,1,437,21788,0,437,306,0,0
w-mnynyjub-a5398e15e8ea,ses-mnyo7dch-14130aa7,e3b0187a-8017-49be-96c8-ebb626062d74.jsonl#0,READER-ANALYST,8,2026-04-14T13:42:20.297Z,claude-opus-4-6,1,588,22225,0,588,407,0,0
w-mnynyjub-a5398e15e8ea,ses-mnyo7dch-14130aa7,e3b0187a-8017-49be-96c8-ebb626062d74.jsonl#0,READER-ANALYST,9,2026-04-14T13:42:26.720Z,claude-opus-4-6,1,5004,22813,0,5004,92,1,0
w-mnynyjub-a5398e15e8ea,ses-mnyo7dch-14130aa7,e3b0187a-8017-49be-96c8-ebb626062d74.jsonl#0,READER-ANALYST,10,2026-04-14T13:42:30.540Z,claude-opus-4-6,1,6424,27817,0,6424,284,0,1
w-mnynyjub-a5398e15e8ea,ses-mnyo7dch-14130aa7,e3b0187a-8017-49be-96c8-ebb626062d74.jsonl#0,READER-ANALYST,11,2026-04-14T13:42:36.810Z,claude-opus-4-6,1,4207,34241,0,4207,289,1,0
w-mnynyjub-a5398e15e8ea,ses-mnyo7dch-14130aa7,e3b0187a-8017-49be-96c8-ebb626062d74.jsonl#0,READER-ANALYST,12,2026-04-14T13:42:41.982Z,claude-opus-4-6,1,2315,38448,0,2315,369,0,1
w-mnynyjub-a5398e15e8ea,ses-mnyo7dch-14130aa7,e3b0187a-8017-49be-96c8-ebb626062d74.jsonl#0,READER-ANALYST,13,2026-04-14T13:42:49.146Z,claude-opus-4-6,1,989,40763,0,989,228,1,0
w-mnynyjub-a5398e15e8ea,ses-mnyo7dch-14130aa7,e3b0187a-8017-49be-96c8-ebb626062d74.jsonl#0,READER-ANALYST,14,2026-04-14T13:42:52.504Z,claude-opus-4-6,1,295,41752,0,295,143,1,0
w-mnynyjub-a5398e15e8ea,ses-mnyo7dch-14130aa7,e3b0187a-8017-49be-96c8-ebb626062d74.jsonl#0,READER-ANALYST,15,2026-04-14T13:42:57.704Z,claude-opus-4-6,1,490,42047,0,490,304,0,0
w-mnynyjub-a5398e15e8ea,ses-mnyo7dch-14130aa7,e3b0187a-8017-49be-96c8-ebb626062d74.jsonl#0,READER-ANALYST,16,2026-04-14T13:43:05.035Z,claude-opus-4-6,1,731,42537,0,731,292,0,1
w-mnynyjub-a5398e15e8ea,ses-mnyo7dch-14130aa7,e3b0187a-8017-49be-96c8-ebb626062d74.jsonl#0,READER-ANALYST,17,2026-04-14T13:43:09.332Z,claude-opus-4-6,1,3496,43268,0,3496,309,0,1
w-mnynyjub-a5398e15e8ea,ses-mnyo7dch-14130aa7,e3b0187a-8017-49be-96c8-ebb626062d74.jsonl#0,READER-ANALYST,18,2026-04-14T13:43:14.495Z,claude-opus-4-6,1,6153,46764,0,6153,264,0,1
w-mnynyjub-a5398e15e8ea,ses-mnyo7dch-14130aa7,e3b0187a-8017-49be-96c8-ebb626062d74.jsonl#0,READER-ANALYST,19,2026-04-14T13:43:20.226Z,claude-opus-4-6,1,3060,52917,0,3060,340,0,1
w-mnynyjub-a5398e15e8ea,ses-mnyo7dch-14130aa7,e3b0187a-8017-49be-96c8-ebb626062d74.jsonl#0,READER-ANALYST,20,2026-04-14T13:43:26.481Z,claude-opus-4-6,1,1719,55977,0,1719,229,0,1
w-mnynyjub-a5398e15e8ea,ses-mnyo7dch-14130aa7,e3b0187a-8017-49be-96c8-ebb626062d74.jsonl#0,READER-ANALYST,21,2026-04-14T13:43:31.929Z,claude-opus-4-6,1,1152,57696,0,1152,233,0,1
w-mnynyjub-a5398e15e8ea,ses-mnyo7dch-14130aa7,e3b0187a-8017-49be-96c8-ebb626062d74.jsonl#0,READER-ANALYST,22,2026-04-14T13:43:36.868Z,claude-opus-4-6,1,498,58848,0,498,153,1,0
w-mnynyjub-a5398e15e8ea,ses-mnyo7dch-14130aa7,e3b0187a-8017-49be-96c8-ebb626062d74.jsonl#0,READER-ANALYST,23,2026-04-14T13:43:40.920Z,claude-opus-4-6,1,508,59346,0,508,179,0,1
w-mnynyjub-a5398e15e8ea,ses-mnyo7dch-14130aa7,e3b0187a-8017-49be-96c8-ebb626062d74.jsonl#0,READER-ANALYST,24,2026-04-14T13:43:44.521Z,claude-opus-4-6,1,2227,59854,0,2227,195,0,1
w-mnynyjub-a5398e15e8ea,ses-mnyo7dch-14130aa7,e3b0187a-8017-49be-96c8-ebb626062d74.jsonl#0,READER-ANALYST,25,2026-04-14T13:43:48.753Z,claude-opus-4-6,1,494,62081,0,494,130,0,1
w-mnynyjub-a5398e15e8ea,ses-mnyo7dch-14130aa7,e3b0187a-8017-49be-96c8-ebb626062d74.jsonl#0,READER-ANALYST,26,2026-04-14T13:43:54.224Z,claude-opus-4-6,1,1226,62575,0,1226,186,0,1
w-mnynyjub-a5398e15e8ea,ses-mnyo7dch-14130aa7,e3b0187a-8017-49be-96c8-ebb626062d74.jsonl#0,READER-ANALYST,27,2026-04-14T13:43:58.853Z,claude-opus-4-6,1,329,63801,0,329,142,1,0
w-mnynyjub-a5398e15e8ea,ses-mnyo7dch-14130aa7,e3b0187a-8017-49be-96c8-ebb626062d74.jsonl#0,READER-ANALYST,28,2026-04-14T13:44:02.446Z,claude-opus-4-6,1,746,63801,0,746,2739,0,1
w-mnynyjub-a5398e15e8ea,ses-mnyo7dch-14130aa7,e3b0187a-8017-49be-96c8-ebb626062d74.jsonl#0,READER-ANALYST,29,2026-04-14T13:44:57.611Z,claude-opus-4-6,1,5644,64547,0,5644,680,0,1
w-mnynyjub-a5398e15e8ea,ses-mnyo7dch-14130aa7,e3b0187a-8017-49be-96c8-ebb626062d74.jsonl#0,READER-ANALYST,30,2026-04-14T13:45:13.994Z,claude-opus-4-6,1,4130,70191,0,4130,5398,0,1
w-mnynyjub-a5398e15e8ea,ses-mnyo7dch-14130aa7,e3b0187a-8017-49be-96c8-ebb626062d74.jsonl#0,READER-ANALYST,31,2026-04-14T13:46:52.001Z,claude-opus-4-6,1,13628,74321,0,13628,958,0,1
w-mnynyjub-a5398e15e8ea,ses-mnyo7dch-14130aa7,e3b0187a-8017-49be-96c8-ebb626062d74.jsonl#0,READER-ANALYST,32,2026-04-14T13:47:31.000Z,claude-opus-4-6,1,10768,87949,0,10768,462,0,1
w-mnynxfhj-2b38ea890673,ses-mnyo27cd-eb9f948b,eb85a34d-cdeb-49a0-b38d-352478ccb7da.jsonl#0,ANALYST,1,2026-04-14T13:37:51.626Z,claude-opus-4-6,3,1477,15208,0,1477,153,0,0
w-mnynxfhj-2b38ea890673,ses-mnyo27cd-eb9f948b,eb85a34d-cdeb-49a0-b38d-352478ccb7da.jsonl#0,ANALYST,2,2026-04-14T13:37:54.595Z,claude-opus-4-6,3,902,16685,0,902,77,1,0
w-mnynxfhj-2b38ea890673,ses-mnyo27cd-eb9f948b,eb85a34d-cdeb-49a0-b38d-352478ccb7da.jsonl#0,ANALYST,3,2026-04-14T13:37:58.877Z,claude-opus-4-6,1,4548,16685,0,4548,149,0,0
w-mnynxfhj-2b38ea890673,ses-mnyo27cd-eb9f948b,eb85a34d-cdeb-49a0-b38d-352478ccb7da.jsonl#0,ANALYST,4,2026-04-14T13:38:02.599Z,claude-opus-4-6,3,256,21233,0,256,77,1,0
w-mnynxfhj-2b38ea890673,ses-mnyo27cd-eb9f948b,eb85a34d-cdeb-49a0-b38d-352478ccb7da.jsonl#0,ANALYST,5,2026-04-14T13:38:05.717Z,claude-opus-4-6,1,3065,21233,0,3065,468,0,0
w-mnynxfhj-2b38ea890673,ses-mnyo27cd-eb9f948b,eb85a34d-cdeb-49a0-b38d-352478ccb7da.jsonl#0,ANALYST,6,2026-04-14T13:38:12.841Z,claude-opus-4-6,1,11676,24298,0,11676,232,0,0
w-mnynxfhj-2b38ea890673,ses-mnyo27cd-eb9f948b,eb85a34d-cdeb-49a0-b38d-352478ccb7da.jsonl#0,ANALYST,7,2026-04-14T13:38:19.329Z,claude-opus-4-6,1,4932,35974,0,4932,248,0,0
w-mnynxfhj-2b38ea890673,ses-mnyo27cd-eb9f948b,eb85a34d-cdeb-49a0-b38d-352478ccb7da.jsonl#0,ANALYST,8,2026-04-14T13:38:24.510Z,claude-opus-4-6,1,518,40906,0,518,97,1,0
w-mnynxfhj-2b38ea890673,ses-mnyo27cd-eb9f948b,eb85a34d-cdeb-49a0-b38d-352478ccb7da.jsonl#0,ANALYST,9,2026-04-14T13:38:27.737Z,claude-opus-4-6,1,3522,41424,0,3522,760,0,1
w-mnynxfhj-2b38ea890673,ses-mnyo27cd-eb9f948b,eb85a34d-cdeb-49a0-b38d-352478ccb7da.jsonl#0,ANALYST,10,2026-04-14T13:38:46.005Z,claude-opus-4-6,1,4914,44946,0,4914,6402,0,1
w-mnynxfhj-2b38ea890673,ses-mnyo27cd-eb9f948b,eb85a34d-cdeb-49a0-b38d-352478ccb7da.jsonl#0,ANALYST,11,2026-04-14T13:41:00.106Z,claude-opus-4-6,3,18209,49860,0,18209,1173,0,1
w-mnynxfhj-2b38ea890673,ses-mnyo27cd-eb9f948b,eb85a34d-cdeb-49a0-b38d-352478ccb7da.jsonl#0,ANALYST,12,2026-04-14T13:41:46.039Z,claude-opus-4-6,1,13942,68069,0,13942,513,0,1
w-mnynxfhj-2b38ea890673,ses-mnynxixj-60d11968,c9986b82-e07f-4acb-b677-b151a3f6f5d5.jsonl#0,READER,1,2026-04-14T13:34:12.655Z,claude-opus-4-6,3,1478,15208,0,1478,127,0,0
w-mnynxfhj-2b38ea890673,ses-mnynxixj-60d11968,c9986b82-e07f-4acb-b677-b151a3f6f5d5.jsonl#0,READER,2,2026-04-14T13:34:15.922Z,claude-opus-4-6,3,345,16686,0,345,77,1,0
w-mnynxfhj-2b38ea890673,ses-mnynxixj-60d11968,c9986b82-e07f-4acb-b677-b151a3f6f5d5.jsonl#0,READER,3,2026-04-14T13:34:18.331Z,claude-opus-4-6,1,525,16686,0,525,151,0,0
w-mnynxfhj-2b38ea890673,ses-mnynxixj-60d11968,c9986b82-e07f-4acb-b677-b151a3f6f5d5.jsonl#0,READER,4,2026-04-14T13:34:21.494Z,claude-opus-4-6,3,258,17211,0,258,76,1,0
w-mnynxfhj-2b38ea890673,ses-mnynxixj-60d11968,c9986b82-e07f-4acb-b677-b151a3f6f5d5.jsonl#0,READER,5,2026-04-14T13:34:25.222Z,claude-opus-4-6,1,2809,17469,0,2809,237,0,0
w-mnynxfhj-2b38ea890673,ses-mnynxixj-60d11968,c9986b82-e07f-4acb-b677-b151a3f6f5d5.jsonl#0,READER,6,2026-04-14T13:34:28.921Z,claude-opus-4-6,1,285,20278,0,285,287,1,0
w-mnynxfhj-2b38ea890673,ses-mnynxixj-60d11968,c9986b82-e07f-4acb-b677-b151a3f6f5d5.jsonl#0,READER,7,2026-04-14T13:34:34.378Z,claude-opus-4-6,1,950,20563,0,950,554,0,0
w-mnynxfhj-2b38ea890673,ses-mnynxixj-60d11968,c9986b82-e07f-4acb-b677-b151a3f6f5d5.jsonl#0,READER,8,2026-04-14T13:34:43.345Z,claude-opus-4-6,1,11874,21513,0,11874,365,0,1
w-mnynxfhj-2b38ea890673,ses-mnynxixj-60d11968,c9986b82-e07f-4acb-b677-b151a3f6f5d5.jsonl#0,READER,9,2026-04-14T13:34:50.135Z,claude-opus-4-6,1,1296,33387,0,1296,450,0,0
w-mnynxfhj-2b38ea890673,ses-mnynxixj-60d11968,c9986b82-e07f-4acb-b677-b151a3f6f5d5.jsonl#0,READER,10,2026-04-14T13:34:57.481Z,claude-opus-4-6,1,3192,34683,0,3192,275,1,0
w-mnynxfhj-2b38ea890673,ses-mnynxixj-60d11968,c9986b82-e07f-4acb-b677-b151a3f6f5d5.jsonl#0,READER,11,2026-04-14T13:35:03.618Z,claude-opus-4-6,1,2873,37875,0,2873,456,0,0
w-mnynxfhj-2b38ea890673,ses-mnynxixj-60d11968,c9986b82-e07f-4acb-b677-b151a3f6f5d5.jsonl#0,READER,12,2026-04-14T13:35:10.779Z,claude-opus-4-6,1,2975,40748,0,2975,251,1,0
w-mnynxfhj-2b38ea890673,ses-mnynxixj-60d11968,c9986b82-e07f-4acb-b677-b151a3f6f5d5.jsonl#0,READER,13,2026-04-14T13:35:15.143Z,claude-opus-4-6,1,3191,43723,0,3191,308,0,1
w-mnynxfhj-2b38ea890673,ses-mnynxixj-60d11968,c9986b82-e07f-4acb-b677-b151a3f6f5d5.jsonl#0,READER,14,2026-04-14T13:35:20.667Z,claude-opus-4-6,1,1325,46914,0,1325,95,1,0
w-mnynxfhj-2b38ea890673,ses-mnynxixj-60d11968,c9986b82-e07f-4acb-b677-b151a3f6f5d5.jsonl#0,READER,15,2026-04-14T13:35:24.010Z,claude-opus-4-6,1,3617,46914,0,3617,236,0,1
w-mnynxfhj-2b38ea890673,ses-mnynxixj-60d11968,c9986b82-e07f-4acb-b677-b151a3f6f5d5.jsonl#0,READER,16,2026-04-14T13:35:29.413Z,claude-opus-4-6,1,4095,50531,0,4095,379,0,1
w-mnynxfhj-2b38ea890673,ses-mnynxixj-60d11968,c9986b82-e07f-4acb-b677-b151a3f6f5d5.jsonl#0,READER,17,2026-04-14T13:35:35.218Z,claude-opus-4-6,1,3387,54626,0,3387,209,0,1
w-mnynxfhj-2b38ea890673,ses-mnynxixj-60d11968,c9986b82-e07f-4acb-b677-b151a3f6f5d5.jsonl#0,READER,18,2026-04-14T13:35:39.449Z,claude-opus-4-6,1,9069,58013,0,9069,373,0,1
w-mnynxfhj-2b38ea890673,ses-mnynxixj-60d11968,c9986b82-e07f-4acb-b677-b151a3f6f5d5.jsonl#0,READER,19,2026-04-14T13:35:46.923Z,claude-opus-4-6,1,6377,67082,0,6377,252,0,1
w-mnynxfhj-2b38ea890673,ses-mnynxixj-60d11968,c9986b82-e07f-4acb-b677-b151a3f6f5d5.jsonl#0,READER,20,2026-04-14T13:35:52.218Z,claude-opus-4-6,1,3757,73459,0,3757,273,0,1
w-mnynxfhj-2b38ea890673,ses-mnynxixj-60d11968,c9986b82-e07f-4acb-b677-b151a3f6f5d5.jsonl#0,READER,21,2026-04-14T13:35:57.539Z,claude-opus-4-6,1,3478,77216,0,3478,311,0,1
w-mnynxfhj-2b38ea890673,ses-mnynxixj-60d11968,c9986b82-e07f-4acb-b677-b151a3f6f5d5.jsonl#0,READER,22,2026-04-14T13:36:02.823Z,claude-opus-4-6,1,1095,80694,0,1095,292,0,1
w-mnynxfhj-2b38ea890673,ses-mnynxixj-60d11968,c9986b82-e07f-4acb-b677-b151a3f6f5d5.jsonl#0,READER,23,2026-04-14T13:36:08.112Z,claude-opus-4-6,1,1343,81789,0,1343,275,0,1
w-mnynxfhj-2b38ea890673,ses-mnynxixj-60d11968,c9986b82-e07f-4acb-b677-b151a3f6f5d5.jsonl#0,READER,24,2026-04-14T13:36:15.345Z,claude-opus-4-6,1,352,83132,0,352,342,0,1
w-mnynxfhj-2b38ea890673,ses-mnynxixj-60d11968,c9986b82-e07f-4acb-b677-b151a3f6f5d5.jsonl#0,READER,25,2026-04-14T13:36:21.219Z,claude-opus-4-6,1,2343,83484,0,2343,270,0,1
w-mnynxfhj-2b38ea890673,ses-mnynxixj-60d11968,c9986b82-e07f-4acb-b677-b151a3f6f5d5.jsonl#0,READER,26,2026-04-14T13:36:26.909Z,claude-opus-4-6,1,1578,85827,0,1578,3351,0,1
w-mnynxfhj-2b38ea890673,ses-mnynxixj-60d11968,c9986b82-e07f-4acb-b677-b151a3f6f5d5.jsonl#0,READER,27,2026-04-14T13:37:45.163Z,claude-opus-4-6,1,6918,87405,0,6918,328,0,1
w-mnyny4bg-28b1974bb033,ses-mnyny7tm-985e52d7,b9bdb512-f730-463d-b662-20c20951e7fa.jsonl#0,READER,1,2026-04-14T13:34:45.330Z,claude-opus-4-6,3,2010,15208,0,2010,114,0,0
w-mnyny4bg-28b1974bb033,ses-mnyny7tm-985e52d7,b9bdb512-f730-463d-b662-20c20951e7fa.jsonl#0,READER,2,2026-04-14T13:34:48.014Z,claude-opus-4-6,3,228,17218,0,228,75,1,0
w-mnyny4bg-28b1974bb033,ses-mnyny7tm-985e52d7,b9bdb512-f730-463d-b662-20c20951e7fa.jsonl#0,READER,3,2026-04-14T13:34:51.061Z,claude-opus-4-6,1,176,17446,0,176,158,0,0
w-mnyny4bg-28b1974bb033,ses-mnyny7tm-985e52d7,b9bdb512-f730-463d-b662-20c20951e7fa.jsonl#0,READER,4,2026-04-14T13:34:54.924Z,claude-opus-4-6,3,265,17622,0,265,249,1,0
w-mnyny4bg-28b1974bb033,ses-mnyny7tm-985e52d7,b9bdb512-f730-463d-b662-20c20951e7fa.jsonl#0,READER,5,2026-04-14T13:34:58.856Z,claude-opus-4-6,1,4761,17887,0,4761,743,0,0
w-mnyny4bg-28b1974bb033,ses-mnyny7tm-985e52d7,b9bdb512-f730-463d-b662-20c20951e7fa.jsonl#0,READER,6,2026-04-14T13:35:09.586Z,claude-opus-4-6,1,2527,22648,0,2527,1240,0,0
w-mnyny4bg-28b1974bb033,ses-mnyny7tm-985e52d7,b9bdb512-f730-463d-b662-20c20951e7fa.jsonl#0,READER,7,2026-04-14T13:35:22.901Z,claude-opus-4-6,1,42469,15208,0,42469,792,0,0
w-mnyny4bg-28b1974bb033,ses-mnyny7tm-985e52d7,b9bdb512-f730-463d-b662-20c20951e7fa.jsonl#0,READER,8,2026-04-14T13:35:35.452Z,claude-opus-4-6,1,13623,57677,0,13623,502,0,0
w-mnyny4bg-28b1974bb033,ses-mnyny7tm-985e52d7,b9bdb512-f730-463d-b662-20c20951e7fa.jsonl#0,READER,9,2026-04-14T13:35:45.336Z,claude-opus-4-6,1,5820,71300,0,5820,738,0,0
w-mnyny4bg-28b1974bb033,ses-mnyny7tm-985e52d7,b9bdb512-f730-463d-b662-20c20951e7fa.jsonl#0,READER,10,2026-04-14T13:35:55.093Z,claude-opus-4-6,1,5131,77120,0,5131,112,0,1
w-mnyny4bg-28b1974bb033,ses-mnyny7tm-985e52d7,b9bdb512-f730-463d-b662-20c20951e7fa.jsonl#0,READER,11,2026-04-14T13:37:39.659Z,claude-opus-4-6,3,243,82251,0,243,4961,1,0
w-mnyny4bg-28b1974bb033,ses-mnyny7tm-985e52d7,b9bdb512-f730-463d-b662-20c20951e7fa.jsonl#0,READER,12,2026-04-14T13:37:49.497Z,claude-opus-4-6,3,10366,82494,0,10366,387,0,1
w-mnyny4bg-28b1974bb033,ses-mnyo2b7u-fd61e23e,b9bdb512-f730-463d-b662-20c20951e7fa.jsonl#1,ANALYST,1,2026-04-14T13:37:56.946Z,claude-opus-4-6,3,446,92860,0,446,107,0,0
w-mnyny4bg-28b1974bb033,ses-mnyo2b7u-fd61e23e,b9bdb512-f730-463d-b662-20c20951e7fa.jsonl#1,ANALYST,2,2026-04-14T13:38:01.445Z,claude-opus-4-6,1,5405,93306,0,5405,348,0,0
w-mnyny4bg-28b1974bb033,ses-mnyo2b7u-fd61e23e,b9bdb512-f730-463d-b662-20c20951e7fa.jsonl#1,ANALYST,3,2026-04-14T13:39:43.866Z,claude-opus-4-6,1,8799,98711,0,8799,4445,0,0
w-mnyny4bg-28b1974bb033,ses-mnyo2b7u-fd61e23e,b9bdb512-f730-463d-b662-20c20951e7fa.jsonl#1,ANALYST,4,2026-04-14T13:39:47.526Z,claude-opus-4-6,3,5100,107510,0,5100,715,0,1
w-mnyny4bg-28b1974bb033,ses-mnyo2b7u-fd61e23e,b9bdb512-f730-463d-b662-20c20951e7fa.jsonl#1,ANALYST,5,2026-04-14T13:40:03.905Z,claude-opus-4-6,3,6684,112610,0,6684,6183,0,1
w-mnyny4bg-28b1974bb033,ses-mnyo2b7u-fd61e23e,b9bdb512-f730-463d-b662-20c20951e7fa.jsonl#1,ANALYST,6,2026-04-14T13:42:11.904Z,claude-opus-4-6,1,17672,119294,0,17672,1192,0,1
w-mnyny4bg-28b1974bb033,ses-mnyo2b7u-fd61e23e,b9bdb512-f730-463d-b662-20c20951e7fa.jsonl#1,ANALYST,7,2026-04-14T13:42:57.429Z,claude-opus-4-6,1,14432,136966,0,14432,424,0,1
